{
  "model": "vit_tiny",
  "ckpt": "/pscratch/sd/k/krish_m/depthvit/runs/vit_tiny_jets_150p_90ep/checkpoints/cls_finetune/epoch=epoch=89-step=step=112500-val_acc1=val_acc1=73.2821.ckpt",
  "config": "configs/jets_vit_tiny_150p.json",
  "n_params": 5397893,
  "flops": 1123147200,
  "flops_method": "manual",
  "top1_acc": 73.2999722633136,
  "macro_auc": 0.9298462925380395,
  "per_class_auc": {
    "g": 0.9276413694844076,
    "q": 0.9137170494809824,
    "W": 0.9356864933723601,
    "Z": 0.9215656555995808,
    "top": 0.9506208947528666
  }
}